strategy,total_trades,winners,losers,win_rate,avg_win,avg_loss,total_pnl,total_return,profit_factor
Covered Call,6,6,0,100.0,2.1166666666666667,0.0,2631.7000000000053,26.31700000000005,inf
Iron Condor,12,12,0,100.0,3.231200000000001,0.0,38.774400000000014,0.38774400000000014,inf
Short Strangle,12,12,0,100.0,3.0,0.0,36.0,0.36,inf
Calendar Spread,16,5,11,31.25,0.8333333333333339,-1.5,-12.33333333333333,-0.12333333333333331,0.2525252525252527
Butterfly,18,2,16,11.11111111111111,4.133333333333333,-1.6875,-18.733333333333334,-0.18733333333333335,0.3061728395061728
